Workbook

Sheet EMP
A1: EMPLOYEE
A2: EMP_NO | B2: EMP_NAME | C2: DESIGNATION | D2: SALARY
A3: =ROW()-2 -> 1 | B3: SNEHA | C3: DATA ANALYST | D3: 90000
A4: =ROW()-2 -> 2 | B4: YASHVI | C4: ACCOUNTANT | D4: 60000
A5: =ROW()-2 -> 3 | B5: HASTI | C5: WEB DEVELOPER | D5: 65000
A6: =ROW()-2 -> 4 | B6: DWARKESH | C6: DATA ANALYST | D6: 95000
A7: =ROW()-2 -> 5 | B7: FENA | C7: SOFTWARE DEVELOPER | D7: 60000
A8: =ROW()-2 -> 6 | B8: VISHVA | C8: WEB DESIGNER | D8: 65000
A9: =ROW()-2 -> 7 | B9: DEEP | C9: CLERK | D9: 35000
A10: =ROW()-2 -> 8 | B10: KEYUR | C10: MANAGER | D10: 45000
A11: =ROW()-2 -> 9 | B11: DHRUVI | C11: CLERK | D11: 25000
A12: =ROW()-2 -> 10 | B12: RAJVI | C12: HR EXECUTIVE | D12: 75000

Sheet ATTENDENCE
A2: ATTENDENCE REPORT
A3: 46204 | C3: WEDNESDAY | D3: THURSDAY | E3: FRIDAY | F3: SATURDAY | G3: SUNDAY | H3: MONDAY | I3: TUESDAY | J3: WEDNESDAY | K3: THURSDAY | L3: FRIDAY | M3: SATURDAY | N3: SUNDAY | O3: MONDAY | P3: TUESDAY | Q3: WEDNESDAY | R3: THURSDAY | S3: FRIDAY | T3: SATURDAY | U3: SUNDAY | V3: MONDAY | W3: TUESDAY | X3: WEDNESDAY | Y3: THURSDAY | Z3: FRIDAY | AA3: SATURDAY | AB3: SUNDAY | AC3: MONDAY | AD3: TUESDAY | AE3: WEDNESDAY | AF3: THURSDAY | AG3: FRIDAY | AH3: TOTAL
A4: EMP_NO | B4: EMP_NAME | C4: =COLUMN()-2 -> 1 | D4: =COLUMN()-2 -> 2 | E4: =COLUMN()-2 -> 3 | F4: =COLUMN()-2 -> 4 | G4: =COLUMN()-2 -> 5 | H4: =COLUMN()-2 -> 6 | I4: =COLUMN()-2 -> 7 | J4: =COLUMN()-2 -> 8 | ... AG4: =COLUMN()-2 -> 31 | AH4: P | AI4: A | AJ4: H
A5: =ROW()-4 -> 1 | B5: =IFERROR(VLOOKUP(A5,EMP!$A$3:$B$12,2,FALSE),"") -> SNEHA | C5: P | D5: P | E5: P | F5: P | G5: H | H5: A | I5: P | J5: P | K5: P | L5: P | M5: P | N5: H | O5: P | P5: P | Q5: P | R5: A | S5: P | T5: P | U5: H | V5: P | W5: P | X5: P | Y5: P | Z5: P | AA5: P | AB5: H | AC5: P | AD5: P | AE5: P | AF5: P | AG5: A | AH5: =COUNTIF(C5:AF5,"P") -> 24 | AI5: =COUNTIF(C5:AG5,"A") -> 3 | AJ5: =COUNTIF(C5:AG5,"H") -> 4
A6: =ROW()-4 -> 2 | B6: =IFERROR(VLOOKUP(A6,EMP!$A$3:$B$12,2,FALSE),"") -> YASHVI | C6: P | D6: P | E6: P | F6: A | G6: H | H6: A | I6: P | J6: P | K6: P | L6: P | M6: P | N6: H | O6: P | P6: A | Q6: P | R6: P | S6: P | T6: P | U6: H | V6: P | W6: P | X6: P | Y6: P | Z6: P | AA6: A | AB6: H | AC6: P | AD6: P | AE6: P | AF6: P | AG6: P | AH6: =COUNTIF(C6:AF6,"P") -> 22 | AI6: =COUNTIF(C6:AG6,"A") -> 4 | AJ6: =COUNTIF(C6:AG6,"H") -> 4
A7: =ROW()-4 -> 3 | B7: =IFERROR(VLOOKUP(A7,EMP!$A$3:$B$12,2,FALSE),"") -> HASTI | C7: P | D7: P | E7: P | F7: P | G7: H | H7: P | I7: P | J7: P | K7: P | L7: P | M7: P | N7: H | O7: P | P7: P | Q7: P | R7: P | S7: P | T7: P | U7: H | V7: A | W7: A | X7: A | Y7: A | Z7: A | AA7: A | AB7: H | AC7: P | AD7: P | AE7: P | AF7: P | AG7: P | AH7: =COUNTIF(C7:AF7,"P") -> 20 | AI7: =COUNTIF(C7:AG7,"A") -> 6 | AJ7: =COUNTIF(C7:AG7,"H") -> 4
A8: =ROW()-4 -> 4 | B8: =IFERROR(VLOOKUP(A8,EMP!$A$3:$B$12,2,FALSE),"") -> DWARKESH | C8: P | D8: P | E8: A | F8: P | G8: H | H8: P | I8: P | J8: P | K8: P | L8: P | M8: P | N8: H | O8: P | P8: P | Q8: P | R8: P | S8: P | T8: A | U8: H | V8: P | W8: P | X8: P | Y8: P | Z8: P | AA8: P | AB8: H | AC8: P | AD8: P | AE8: P | AF8: A | AG8: P | AH8: =COUNTIF(C8:AF8,"P") -> 23 | AI8: =COUNTIF(C8:AG8,"A") -> 3 | AJ8: =COUNTIF(C8:AG8,"H") -> 4
A9: =ROW()-4 -> 5 | B9: =IFERROR(VLOOKUP(A9,EMP!$A$3:$B$12,2,FALSE),"") -> FENA | C9: P | D9: P | E9: P | F9: P | G9: H | H9: P | I9: P | J9: P | K9: A | L9: P | M9: P | N9: H | O9: P | P9: P | Q9: P | R9: P | S9: P | T9: P | U9: H | V9: P | W9: P | X9: P | Y9: P | Z9: P | AA9: A | AB9: H | AC9: P | AD9: P | AE9: P | AF9: P | AG9: P | AH9: =COUNTIF(C9:AF9,"P") -> 24 | AI9: =COUNTIF(C9:AG9,"A") -> 2 | AJ9: =COUNTIF(C9:AG9,"H") -> 4
A10: =ROW()-4 -> 6 | B10: =IFERROR(VLOOKUP(A10,EMP!$A$3:$B$12,2,FALSE),"") -> VISHVA | C10: P | D10: P | E10: P | F10: P | G10: H | H10: P | I10: P | J10: P | K10: P | L10: P | M10: P | N10: H | O10: P | P10: P | Q10: A | R10: P | S10: P | T10: P | U10: H | V10: P | W10: P | X10: P | Y10: P | Z10: P | AA10: P | AB10: H | AC10: P | AD10: P | AE10: P | AF10: P | AG10: A | AH10: =COUNTIF(C10:AF10,"P") -> 25 | AI10: =COUNTIF(C10:AG10,"A") -> 2 | AJ10: =COUNTIF(C10:AG10,"H") -> 4
A11: =ROW()-4 -> 7 | B11: =IFERROR(VLOOKUP(A11,EMP!$A$3:$B$12,2,FALSE),"") -> DEEP | C11: A | D11: P | E11: P | F11: P | G11: H | H11: P | I11: P | J11: P | K11: P | L11: P | M11: P | N11: H | O11: P | P11: P | Q11: P | R11: A | S11: P | T11: P | U11: H | V11: P | W11: P | X11: P | Y11: A | Z11: P | AA11: P | AB11: H | AC11: P | AD11: P | AE11: A | AF11: P | AG11: P | AH11: =COUNTIF(C11:AF11,"P") -> 22 | AI11: =COUNTIF(C11:AG11,"A") -> 4 | AJ11: =COUNTIF(C11:AG11,"H") -> 4
A12: =ROW()-4 -> 8 | B12: =IFERROR(VLOOKUP(A12,EMP!$A$3:$B$12,2,FALSE),"") -> KEYUR | C12: P | D12: P | E12: P | F12: P | G12: H | H12: P | I12: P | J12: P | K12: P | L12: P | M12: P | N12: H | O12: P | P12: A | Q12: P | R12: P | S12: P | T12: P | U12: H | V12: P | W12: P | X12: P | Y12: P | Z12: P | AA12: P | AB12: H | AC12: P | AD12: P | AE12: P | AF12: P | AG12: P | AH12: =COUNTIF(C12:AF12,"P") -> 25 | AI12: =COUNTIF(C12:AG12,"A") -> 1 | AJ12: =COUNTIF(C12:AG12,"H") -> 4
A13: =ROW()-4 -> 9 | B13: =IFERROR(VLOOKUP(A13,EMP!$A$3:$B$12,2,FALSE),"") -> DHRUVI | C13: P | D13: P | E13: P | F13: A | G13: H | H13: A | I13: P | J13: P | K13: P | L13: P | M13: P | N13: H | O13: A | P13: P | Q13: P | R13: P | S13: P | T13: P | U13: H | V13: A | W13: P | X13: P | Y13: A | Z13: P | AA13: P | AB13: H | AC13: A | AD13: P | AE13: P | AF13: P | AG13: P | AH13: =COUNTIF(C13:AF13,"P") -> 20 | AI13: =COUNTIF(C13:AG13,"A") -> 6 | AJ13: =COUNTIF(C13:AG13,"H") -> 4
A14: =ROW()-4 -> 10 | B14: =IFERROR(VLOOKUP(A14,EMP!$A$3:$B$12,2,FALSE),"") -> RAJVI | C14: P | D14: P | E14: P | F14: P | G14: H | H14: P | I14: P | J14: A | K14: P | L14: P | M14: P | N14: H | O14: P | P14: P | Q14: P | R14: P | S14: P | T14: P | U14: H | V14: P | W14: P | X14: P | Y14: A | Z14: P | AA14: P | AB14: H | AC14: P | AD14: P | AE14: P | AF14: P | AG14: P | AH14: =COUNTIF(C14:AF14,"P") -> 24 | AI14: =COUNTIF(C14:AG14,"A") -> 2 | AJ14: =COUNTIF(C14:AG14,"H") -> 4

Sheet SALARY
A1: SA
