Workbook

Sheet STUDENT_REGISTER
A1: STUDENT REGISTER
A2: NO | B2: NAME | C2: COURCE | D2: JOIN DATE | E2: FEES | F2: PAID FEES | G2: PENDING FEES
A3: 1 | B3: ITALIYA SNEHA | C3: DATA SCIENCE | D3: 46175 | E3: 95000 | F3: =SUMIF(FEES_REGISTER!$B$3:$B$23,B3,FEES_REGISTER!$C$3:$C$23) -> 40000 | G3: =E3-F3 -> 55000
A4: 2 | B4: KATHIRIYA MAITRI | C4: CYBER SECURITY | D4: 46175 | E4: 80000 | F4: =SUMIF(FEES_REGISTER!$B$3:$B$23,B4,FEES_REGISTER!$C$3:$C$23) -> 15000 | G4: =E4-F4 -> 65000
A5: 3 | B5: KADEVAL YASHVI | C5: WEB DESIGNING | D5: 46175 | E5: 65000 | F5: =SUMIF(FEES_REGISTER!$B$3:$B$23,B5,FEES_REGISTER!$C$3:$C$23) -> 65000 | G5: =E5-F5 -> 0
A6: 4 | B6: HIRAPARA DWARKESH | C6: DATA SCIENCE | D6: 46176 | E6: 95000 | F6: =SUMIF(FEES_REGISTER!$B$3:$B$23,B6,FEES_REGISTER!$C$3:$C$23) -> 70000 | G6: =E6-F6 -> 25000
A7: 5 | B7: VAGHASIYA HASTI | C7: VIDEO EDITING | D7: 46176 | E7: 70000 | F7: =SUMIF(FEES_REGISTER!$B$3:$B$23,B7,FEES_REGISTER!$C$3:$C$23) -> 2000 | G7: =E7-F7 -> 68000
A8: 6 | B8: SAKARIYA DHRUVI | C8: DATA SCIENCE | D8: 46176 | E8: 95000 | F8: =SUMIF(FEES_REGISTER!$B$3:$B$23,B8,FEES_REGISTER!$C$3:$C$23) -> 10000 | G8: =E8-F8 -> 85000
A9: 7 | B9: SHINGALA DEEP | C9: VIDEO EDITING | D9: 46177 | E9: 70000 | F9: =SUMIF(FEES_REGISTER!$B$3:$B$23,B9,FEES_REGISTER!$C$3:$C$23) -> 20000 | G9: =E9-F9 -> 50000
A10: 8 | B10: KACHHADIYA KEYUR | C10: VIDEO EDITING | D10: 46177 | E10: 70000 | F10: =SUMIF(FEES_REGISTER!$B$3:$B$23,B10,FEES_REGISTER!$C$3:$C$23) -> 10000 | G10: =E10-F10 -> 60000
A11: 9 | B11: PIDHADIYA RAJVI | C11: VIDEO EDITING | D11: 46181 | E11: 70000 | F11: =SUMIF(FEES_REGISTER!$B$3:$B$23,B11,FEES_REGISTER!$C$3:$C$23) -> 30000 | G11: =E11-F11 -> 40000
A12: 10 | B12: RADADIYA VRUSHABH | C12: FULLSTACK | D12: 46185 | E12: 75000 | F12: =SUMIF(FEES_REGISTER!$B$3:$B$23,B12,FEES_REGISTER!$C$3:$C$23) -> 7000 | G12: =E12-F12 -> 68000
A13: 11 | B13: DANGODARA DARSHNA | C13: FULLSTACK | D13: 46185 | E13: 75000 | F13: =SUMIF(FEES_REGISTER!$B$3:$B$23,B13,FEES_REGISTER!$C$3:$C$23) -> 25000 | G13: =E13-F13 -> 50000
A14: 12 | B14: DIYORA ARCHI | C14: WEB DESIGNING | D14: 46193 | E14: 65000 | F14: =SUMIF(FEES_REGISTER!$B$3:$B$23,B14,FEES_REGISTER!$C$3:$C$23) -> 5000 | G14: =E14-F14 -> 60000
... A17: 15 | B17: LUKHI RAHUL | C17: CYBER SECURITY | D17: 46198 | E17: 80000 | F17: =SUMIF(FEES_REGISTER!$B$3:$B$23,B17,FEES_REGISTER!$C$3:$C$23) -> 20000 | G17: =E17-F17 -> 60000

Sheet FEES_REGISTER
A1: FEES REGISTER
A2: NO | B2: NAME | C2: PAY INSTALLMENT | D2: DATE
A3: 1 | B3: ITALIYA SNEHA | C3: 5000 | D3: 46175
A4: 2 | B4: VAGHASIYA HASTI | C4: 2000 | D4: 46178
A5: 3 | B5: KADEVAL YASHVI | C5: 15000 | D5: 46178
A6: 4 | B6: SAKARIYA DHRUVI | C6: 10000 | D6: 46183
A7: 5 | B7: SHINGALA DEEP | C7: 20000 | D7: 46188
A8: 6 | B8: LATHIYA VISHVA | C8: 5000 | D8: 46198
A9: 7 | B9: KATHIRIYA MAITRI | C9: 15000 | D9: 46198
A10: 8 | B10: RADADIYA VRUSHABH | C10: 7000 | D10: 46198
A11: 9 | B11: ITALIYA SNEHA | C11: 20000 | D11: 46204
A12: 10 | B12: KAKADIYA FENA | C12: 25000 | D12: 46209
A13: 11 | B13: HIRAPARA DWARKESH | C13: 70000 | D13: 46209
A14: 12 | B14: PIDHADIYA RAJVI | C14: 30000 | D14: 46215
... A20: 18 | B20: KADEVAL YASHVI | C20: 50000 | D20: 46239
A21: 19
A22: 20
A23: 21
